Rank,Verb
1,accept
2,achieve
3,add
4,admire
5,admit
6,adopt
7,advise
8,agree
9,allow
10,announce
11,appreciate
12,approve
13,argue
14,arise
15,arrive
16,ask
17,assume
18,assure
19,attach
20,attend
21,attract
22,avoid
23,awake
24,bake
25,balance
26,ban
27,bang
28,bare
29,base
30,be
31,bear
32,beat
33,become
34,beg
35,begin
36,behave
37,believe
38,belong
39,bend
40,bet
41,bind
42,bite
43,bleed
44,blow
45,boil
46,borrow
47,bounce
48,bow
49,break
50,breed
51,bring
52,broadcast
53,build
54,burn
55,burst
56,buy
57,calculate
58,call
59,camp
60,care
61,carry
62,catch
63,cause
64,challenge
65,change
66,charge
67,chase
68,cheat
69,check
70,cheer
71,chew
72,choose
73,chop
74,claim
75,clap
76,clean
77,clear
78,climb
79,close
80,collect
81,color
82,comb
83,come
84,compare
85,complain
86,complete
87,conclude
88,confirm
89,connect
90,consider
91,consist
92,contain
93,continue
94,cook
95,copy
96,correct
97,cost
98,count
99,cover
100,crash
101,crawl
102,create
103,cross
104,cry
105,cure
106,curl
107,cut
108,dance
109,dare
110,deal
111,decide
112,deliver
113,demand
114,deny
115,depend
116,describe
117,deserve
118,destroy
119,determine
120,develop
121,dictate
122,die
123,dig
124,disagree
125,discover
126,discuss
127,divide
128,do
129,draw
130,dream
131,dress
132,drink
133,drive
134,drop
135,dry
136,earn
137,eat
138,educate
139,elect
140,encourage
141,end
142,enjoy
143,enter
144,establish
145,estimate
146,evaluate
147,examine
148,exist
149,expect
150,explain
151,explode
152,express
153,extend
154,face
155,fail
156,fall
157,fasten
158,feed
159,feel
160,fight
161,fill
162,find
163,finish
164,fit
165,fix
166,fly
167,fold
168,follow
169,forbid
170,force
171,forget
172,forgive
173,freeze
174,fry
175,gather
176,get
177,give
178,glow
179,glue
180,go
181,govern
182,grab
183,graduate
184,grasp
185,greet
186,grow
187,guess
188,guide
189,hand
190,handle
191,hang
192,happen
193,harm
194,hate
195,head
196,heal
197,hear
198,help
199,hide
200,hit
201,hold
202,hop
203,hope
204,hug
205,hum
206,hunt
207,hurry
208,hurt
209,identify
210,ignore
211,imagine
212,imply
213,impress
214,improve
215,include
216,increase
217,indicate
218,influence
219,inform
220,inject
221,injure
222,insist
223,inspect
224,inspire
225,install
226,intend
227,introduce
228,invent
229,invite
230,irritate
231,itch
232,jail
233,jam
234,jog
235,join
236,joke
237,judge
238,jump
239,keep
240,kick
241,kill
242,kiss
243,kneel
244,knit
245,knock
246,knot
247,know
248,label
249,lack
250,land
251,last
252,laugh
253,lay
254,lead
255,leak
256,lean
257,learn
258,leave
259,lecture
260,lend
261,let
262,level
263,license
264,lick
265,lie
266,lift
267,light
268,like
269,list
270,listen
271,live
272,load
273,lock
274,log
275,look
276,loose
277,lose
278,love
279,machine
280,magnify
281,maintain
282,make
283,manage
284,march
285,mark
286,marry
287,match
288,matter
289,mean
290,measure
291,meet
292,melt
293,memorize
294,mend
295,mess
296,milk
297,mind
298,mine
299,miss
300,mix
301,moan
302,moor
303,mourn
304,move
305,multiply
306,murder
307,nail
308,name
309,need
310,nest
311,nod
312,note
313,notice
314,number
315,obey
316,object
317,observe
318,obtain
319,occur
320,offend
321,offer
322,open
323,operate
324,order
325,organize
326,pack
327,pad
328,paint
329,park
330,part
331,pass
332,paste
333,pat
334,pause
335,pay
336,peck
337,pedal
338,peel
339,peep
340,perform
341,permit
342,phone
343,pick
344,pinch
345,pine
346,place
347,plan
348,plant
349,play
350,plead
351,please
352,pledge
353,plow
354,plug
355,point
356,poke
357,polish
358,pop
359,possess
360,post
361,pour
362,practice
363,pray
364,preach
365,precede
366,prefer
367,prepare
368,present
369,preserve
370,press
371,pretend
372,prevent
373,prick
374,print
375,process
376,produce
377,program
378,promise
379,protect
380,provide
381,pull
382,pump
383,punch
384,puncture
385,punish
386,push
387,put
388,question
389,queue
390,race
391,radiate
392,rain
393,raise
394,reach
395,realize
396,receive
397,recognize
398,recommend
399,record
400,reduce
401,reflect
402,refuse
403,regret
404,relax
405,release
406,rely
407,remain
408,remember
409,remind
410,remove
411,repair
412,repeat
413,replace
414,reply
415,report
416,reproduce
417,request
418,rescue
419,retire
420,return
421,rhyme
422,rid
423,ride
424,ring
425,rinse
426,rise
427,risk
428,rob
429,rock
430,roll
431,rot
432,rub
433,ruin
434,rule
435,run
436,rush
437,sack
438,sail
439,satisfy
440,save
441,saw
442,say
443,scare
444,scatter
445,scold
446,scorch
447,scrape
448,scratch
449,scream
450,screw
451,scrub
452,seal
453,search
454,see
455,set
456,settle
457,shade
458,shake
459,shape
460,share
461,shave
462,shear
463,shed
464,shelter
465,shiver
466,shock
467,shoe
468,shoot
469,shop
470,show
471,shrink
472,shrug
473,shut
474,sigh
475,sign
476,signal
477,sin
478,sing
479,sink
480,sip
481,sit
482,sketch
483,skip
484,slap
485,sleep
486,slide
487,slip
488,slit
489,slow
490,smash
491,smell
492,smile
493,smoke
494,snatch
495,sneeze
496,sniff
497,snore
498,snow
499,soak
500,soothe
501,sound
502,sow
503,spare
504,spark
505,sparkle
506,speak
507,spell
508,spill
509,spin
510,spoil
511,spot
512,spray
513,spring
514,sprout
515,squash
516,squeak
517,squeal
518,squeeze
519,stain
520,stamp
521,stand
522,stare
523,start
524,stay
525,steer
526,step
527,stick
528,stimulate
529,stitch
530,stop
531,store
532,strap
533,stream
534,stretch
535,strip
536,stroke
537,structure
538,struggle
539,study
540,stuff
541,stumble
542,subtract
543,succeed
544,suck
545,suffer
546,suggest
547,suit
548,supply
549,support
550,suppose
551,surprise
552,surround
553,suspect
554,suspend
555,swallow
556,swear
557,sweat
558,sweep
559,swell
560,swim
561,swing
562,take
563,talk
564,tame
565,tap
566,taste
567,teach
568,tear
569,tease
570,tell
571,tempt
572,terrify
573,test
574,thank
575,thaw
576,think
577,tick
578,tickle
579,tie
580,time
581,tip
582,tire
583,touch
584,tour
585,tow
586,trace
587,trade
588,train
589,transport
590,trap
591,travel
592,treat
593,tremble
594,trick
595,trip
596,trot
597,trouble
598,trust
599,try
600,tug
601,tumble
602,turn
603,twist
604,type
605,understand
606,undress
607,unfasten
608,unite
609,unlock
610,unpack
611,untidy
612,use
613,vanish
614,visit
615,wail
616,wait
617,wake
618,walk
619,wander
620,want
621,warm
622,warn
623,wash
624,waste
625,watch
626,water
627,wave
628,wear
629,weave
630,weigh
631,welcome
632,whine
633,whip
634,whirl
635,whisper
636,whistle
637,win
638,wind
639,wink
640,wipe
641,wish
642,wobble
643,wonder
644,work
645,worry
646,wrap
647,wreck
648,wrestle
649,wriggle
650,wring
651,write
652,yawn
653,yell
654,zip
655,zoom
656,abandon
657,abide
658,abolish
659,absorb
660,abuse
661,accelerate
662,accommodate
663,accompany
664,accomplish
665,account
666,accumulate
667,accuse
668,acquire
669,act
670,adapt
671,address
672,adjust
673,administer
674,advance
675,advocate
676,affect
677,afford
678,age
679,aim
680,alarm
681,align
682,allege
683,allocate
684,alter
685,amaze
686,amend
687,amount
688,analyze
689,animate
690,annoy
691,answer
692,anticipate
693,apologize
694,appeal
695,appear
696,apply
697,appoint
698,approach
699,arm
700,arrange
701,arrest
702,articulate
703,ascend
704,ascertain
705,ashame
706,assemble
707,assert
708,assess
709,assign
710,assist
711,associate
712,attain
713,attempt
714,attribute
715,audit
716,authorize
717,await
718,award
719,back
720,bag
721,bank
722,bar
723,bat
724,bathe
725,battle
726,beam
727,benefit
728,betray
729,blame
730,blast
731,blend
732,bless
733,blind
734,blink
735,block
736,bloom
737,boast
738,book
739,boost
740,border
741,bore
742,bother
743,bottle
744,box
745,brake
746,branch
747,breathe
748,brush
749,bump
750,bury
751,bush
752,calm
753,cancel
754,capture
755,carve
756,cash
757,cast
758,cater
759,cease
760,celebrate
761,center
762,chain
763,characterize
764,chart
765,chat
766,circle
767,circulate
768,cite
769,clarify
770,clash
771,class
772,classify
773,click
774,cling
775,clip
776,clothe
777,coach
778,collapse
779,combine
780,comfort
781,command
782,comment
783,commit
784,communicate
785,compel
786,compete
787,compile
788,complicate
789,comply
790,compose
791,comprehend
792,comprise
793,compute
794,conceal
795,concede
796,conceive
797,concentrate
798,concern
799,condemn
800,conduct
801,confer
802,confess
803,confine
804,conflict
805,confront
806,confuse
807,congratulate
808,conquer
809,consent
810,conserve
811,console
812,constitute
813,construct
814,consult
815,consume
816,contact
817,contend
818,contest
819,contract
820,contrast
821,contribute
822,control
823,convene
824,converge
825,converse
826,convert
827,convey
828,convict
829,convince
830,cool
831,cooperate
832,coordinate
833,cope
834,corner
835,correlate
836,correspond
837,corrupt
838,cough
839,counsel
840,course
841,crack
842,credit
843,creep
844,criticize
845,crop
846,crowd
847,crown
848,crucify
849,crush
850,cultivate
851,curve
852,cycle
853,damage
854,darken
855,dash
856,date
857,dawn
858,debate
859,decay
860,deceive
861,declare
862,decline
863,decorate
864,decrease
865,dedicate
866,deduce
867,deem
868,defeat
869,defend
870,define
871,defy
872,delay
873,delete
874,deliberate
875,delight
876,demonstrate
877,denounce
878,depart
879,depict
880,deploy
881,deposit
882,depress
883,deprive
884,derive
885,descend
886,desert
887,design
888,designate
889,desire
890,despair
891,detach
892,detail
893,detain
894,detect
895,deteriorate
896,devise
897,devote
898,diagnose
899,differ
900,differentiate
901,digest
902,diminish
903,dip
904,direct
905,disappear
906,disappoint
907,discard
908,discharge
909,disclose
910,discount
911,discourage
912,disease
913,dislike
914,dismiss
915,display
916,dispose
917,dispute
918,disrupt
919,dissolve
920,distance
921,distinguish
922,distract
923,distribute
924,disturb
925,dive
926,divorce
927,document
928,dominate
929,donate
930,double
931,doubt
932,draft
933,drag
934,drain
935,drift
936,drill
937,drip
938,drown
939,dump
940,dust
941,ease
942,echo
943,edit
944,effect
945,elaborate
946,elevate
947,eliminate
948,embrace
949,emerge
950,emphasize
951,employ
952,empty
953,enable
954,enclose
955,encounter
956,endorse
957,endure
958,enforce
959,engage
960,enhance
961,enlarge
962,enlist
963,ensure
964,entertain
965,entitle
966,entrust
967,envy
968,equal
969,equip
970,erase
971,erect
972,escape
973,escort
974,evaporate
975,evoke
976,evolve
977,exact
978,exaggerate
979,exceed
980,exchange
981,excite
982,exclude
983,excuse
984,execute
985,exercise
986,exert
987,exhaust
988,exhibit
989,expand
990,experience
991,experiment
992,exploit
993,explore
994,export
995,expose
996,extract
997,facilitate
998,fade
999,fancy
1000,farm
