word,pos,exam_tag,exam_category,difficulty,frequency_rank
govern,verb,GENERAL,GENERAL,3,181
grab,verb,GENERAL,GENERAL,3,182
graduate,verb,GENERAL,GENERAL,3,183
grasp,verb,GENERAL,GENERAL,3,184
greet,verb,GENERAL,GENERAL,3,185
grow,verb,GENERAL,GENERAL,3,186
guess,verb,GENERAL,GENERAL,3,187
guide,verb,GENERAL,GENERAL,3,188
hand,verb,GENERAL,GENERAL,3,189
handle,verb,GENERAL,GENERAL,3,190
hang,verb,GENERAL,GENERAL,3,191
happen,verb,GENERAL,GENERAL,3,192
harm,verb,GENERAL,GENERAL,3,193
hate,verb,GENERAL,GENERAL,3,194
head,verb,GENERAL,GENERAL,3,195
heal,verb,GENERAL,GENERAL,3,196
hear,verb,GENERAL,GENERAL,3,197
help,verb,GENERAL,GENERAL,3,198
hide,verb,GENERAL,GENERAL,3,199
hit,verb,GENERAL,GENERAL,3,200
hold,verb,GENERAL,GENERAL,3,201
hop,verb,GENERAL,GENERAL,3,202
hope,verb,GENERAL,GENERAL,3,203
hug,verb,GENERAL,GENERAL,3,204
hum,verb,GENERAL,GENERAL,3,205
hunt,verb,GENERAL,GENERAL,3,206
hurry,verb,GENERAL,GENERAL,3,207
hurt,verb,GENERAL,GENERAL,3,208
identify,verb,GENERAL,GENERAL,3,209
ignore,verb,GENERAL,GENERAL,3,210
imagine,verb,GENERAL,GENERAL,3,211
imply,verb,GENERAL,GENERAL,3,212
impress,verb,GENERAL,GENERAL,3,213
improve,verb,GENERAL,GENERAL,3,214
include,verb,GENERAL,GENERAL,3,215
increase,verb,GENERAL,GENERAL,3,216
indicate,verb,GENERAL,GENERAL,3,217
influence,verb,GENERAL,GENERAL,3,218
inform,verb,GENERAL,GENERAL,3,219
inject,verb,GENERAL,GENERAL,3,220
injure,verb,GENERAL,GENERAL,3,221
insist,verb,GENERAL,GENERAL,3,222
inspect,verb,GENERAL,GENERAL,3,223
inspire,verb,GENERAL,GENERAL,3,224
install,verb,GENERAL,GENERAL,3,225
intend,verb,GENERAL,GENERAL,3,226
introduce,verb,GENERAL,GENERAL,3,227
invent,verb,GENERAL,GENERAL,3,228
invite,verb,GENERAL,GENERAL,3,229
irritate,verb,GENERAL,GENERAL,3,230
itch,verb,GENERAL,GENERAL,3,231
jail,verb,GENERAL,GENERAL,3,232
jam,verb,GENERAL,GENERAL,3,233
jog,verb,GENERAL,GENERAL,3,234
join,verb,GENERAL,GENERAL,3,235
joke,verb,GENERAL,GENERAL,3,236
judge,verb,GENERAL,GENERAL,3,237
jump,verb,GENERAL,GENERAL,3,238
keep,verb,GENERAL,GENERAL,3,239
kick,verb,GENERAL,GENERAL,3,240
kill,verb,GENERAL,GENERAL,3,241
kiss,verb,GENERAL,GENERAL,3,242
kneel,verb,GENERAL,GENERAL,3,243
knit,verb,GENERAL,GENERAL,3,244
knock,verb,GENERAL,GENERAL,3,245
knot,verb,GENERAL,GENERAL,3,246
know,verb,GENERAL,GENERAL,3,247
label,verb,GENERAL,GENERAL,3,248
lack,verb,GENERAL,GENERAL,3,249
land,verb,GENERAL,GENERAL,3,250
last,verb,GENERAL,GENERAL,3,251
laugh,verb,GENERAL,GENERAL,3,252
lay,verb,GENERAL,GENERAL,3,253
lead,verb,GENERAL,GENERAL,3,254
leak,verb,GENERAL,GENERAL,3,255
lean,verb,GENERAL,GENERAL,3,256
learn,verb,GENERAL,GENERAL,3,257
leave,verb,GENERAL,GENERAL,3,258
lecture,verb,GENERAL,GENERAL,3,259
lend,verb,GENERAL,GENERAL,3,260
let,verb,GENERAL,GENERAL,3,261
level,verb,GENERAL,GENERAL,3,262
license,verb,GENERAL,GENERAL,3,263
lick,verb,GENERAL,GENERAL,3,264
lie,verb,GENERAL,GENERAL,3,265
lift,verb,GENERAL,GENERAL,3,266
light,verb,GENERAL,GENERAL,3,267
like,verb,GENERAL,GENERAL,3,268
list,verb,GENERAL,GENERAL,3,269
listen,verb,GENERAL,GENERAL,3,270
live,verb,GENERAL,GENERAL,3,271
load,verb,GENERAL,GENERAL,3,272
lock,verb,GENERAL,GENERAL,3,273
log,verb,GENERAL,GENERAL,3,274
look,verb,GENERAL,GENERAL,3,275
loose,verb,GENERAL,GENERAL,3,276
lose,verb,GENERAL,GENERAL,3,277
love,verb,GENERAL,GENERAL,3,278
machine,verb,GENERAL,GENERAL,3,279
magnify,verb,GENERAL,GENERAL,3,280
maintain,verb,GENERAL,GENERAL,3,281
make,verb,GENERAL,GENERAL,3,282
manage,verb,GENERAL,GENERAL,3,283
march,verb,GENERAL,GENERAL,3,284
mark,verb,GENERAL,GENERAL,3,285
marry,verb,GENERAL,GENERAL,3,286
match,verb,GENERAL,GENERAL,3,287
matter,verb,GENERAL,GENERAL,3,288
mean,verb,GENERAL,GENERAL,3,289
measure,verb,GENERAL,GENERAL,3,290
meet,verb,GENERAL,GENERAL,3,291
melt,verb,GENERAL,GENERAL,3,292
memorize,verb,GENERAL,GENERAL,3,293
mend,verb,GENERAL,GENERAL,3,294
mess,verb,GENERAL,GENERAL,3,295
milk,verb,GENERAL,GENERAL,3,296
mind,verb,GENERAL,GENERAL,3,297
mine,verb,GENERAL,GENERAL,3,298
miss,verb,GENERAL,GENERAL,3,299
mix,verb,GENERAL,GENERAL,3,300
moan,verb,GENERAL,GENERAL,3,301
moor,verb,GENERAL,GENERAL,3,302
mourn,verb,GENERAL,GENERAL,3,303
move,verb,GENERAL,GENERAL,3,304
multiply,verb,GENERAL,GENERAL,3,305
murder,verb,GENERAL,GENERAL,3,306
nail,verb,GENERAL,GENERAL,3,307
name,verb,GENERAL,GENERAL,3,308
need,verb,GENERAL,GENERAL,3,309
nest,verb,GENERAL,GENERAL,3,310
nod,verb,GENERAL,GENERAL,3,311
note,verb,GENERAL,GENERAL,3,312
notice,verb,GENERAL,GENERAL,3,313
number,verb,GENERAL,GENERAL,3,314
obey,verb,GENERAL,GENERAL,3,315
object,verb,GENERAL,GENERAL,3,316
observe,verb,GENERAL,GENERAL,3,317
obtain,verb,GENERAL,GENERAL,3,318
occur,verb,GENERAL,GENERAL,3,319
offend,verb,GENERAL,GENERAL,3,320
offer,verb,GENERAL,GENERAL,3,321
open,verb,GENERAL,GENERAL,3,322
operate,verb,GENERAL,GENERAL,3,323
order,verb,GENERAL,GENERAL,3,324
organize,verb,GENERAL,GENERAL,3,325
pack,verb,GENERAL,GENERAL,3,326
pad,verb,GENERAL,GENERAL,3,327
paint,verb,GENERAL,GENERAL,3,328
park,verb,GENERAL,GENERAL,3,329
part,verb,GENERAL,GENERAL,3,330
pass,verb,GENERAL,GENERAL,3,331
paste,verb,GENERAL,GENERAL,3,332
pat,verb,GENERAL,GENERAL,3,333
pause,verb,GENERAL,GENERAL,3,334
pay,verb,GENERAL,GENERAL,3,335
peck,verb,GENERAL,GENERAL,3,336
pedal,verb,GENERAL,GENERAL,3,337
peel,verb,GENERAL,GENERAL,3,338
peep,verb,GENERAL,GENERAL,3,339
perform,verb,GENERAL,GENERAL,3,340
permit,verb,GENERAL,GENERAL,3,341
phone,verb,GENERAL,GENERAL,3,342
pick,verb,GENERAL,GENERAL,3,343
pinch,verb,GENERAL,GENERAL,3,344
pine,verb,GENERAL,GENERAL,3,345
place,verb,GENERAL,GENERAL,3,346
plan,verb,GENERAL,GENERAL,3,347
plant,verb,GENERAL,GENERAL,3,348
play,verb,GENERAL,GENERAL,3,349
plead,verb,GENERAL,GENERAL,3,350
please,verb,GENERAL,GENERAL,3,351
pledge,verb,GENERAL,GENERAL,3,352
plow,verb,GENERAL,GENERAL,3,353
plug,verb,GENERAL,GENERAL,3,354
point,verb,GENERAL,GENERAL,3,355
poke,verb,GENERAL,GENERAL,3,356
polish,verb,GENERAL,GENERAL,3,357
pop,verb,GENERAL,GENERAL,3,358
possess,verb,GENERAL,GENERAL,3,359
post,verb,GENERAL,GENERAL,3,360
